public	alembic_version	1
public	concept_aliases	0
public	concept_mappings	0
public	concept_relationships	0
public	concepts	0
public	established_name_clusters	1625
public	established_name_edges	6384
public	established_name_tokens	25873
public	established_names	106398
public	generated_name_concepts	0
public	generated_name_flavors	0
public	generated_name_languages	0
public	generated_names	0
public	generation_flavors	0
public	languages	21
public	lexemes	1678927
public	name_origin_attempts	40148
public	name_origin_twins	5299
public	name_parts	0
public	root_llm_attempts	4555
public	semantic_tags	0
public	sense_admin_overrides	0
public	sense_embeddings	1549089
public	sense_relations	6366733
public	sense_selection_events	19086
public	sense_selection_stats	112
public	sense_synsets	448688
public	sense_tags	0
public	sense_translations	699460
public	senses	2262079
public	sources	13
public	word_search_events	3
public	word_search_stats	1
public	word_senses	0
public	words	0
