public	sense_embeddings	13026500608	257515520	12 GB
public	senses	4197801984	3234496512	4003 MB
public	lexemes	3931144192	2586976256	3749 MB
public	sense_relations	1563459584	652017664	1491 MB
public	sense_translations	171859968	71802880	164 MB
public	sense_synsets	79904768	34299904	76 MB
public	established_names	67534848	34299904	64 MB
public	name_origin_attempts	13565952	9789440	13 MB
public	established_name_tokens	6103040	1351680	5960 kB
public	sense_selection_events	1884160	999424	1840 kB
public	established_name_edges	1662976	360448	1624 kB
public	root_llm_attempts	925696	614400	904 kB
public	name_origin_twins	917504	409600	896 kB
public	established_name_clusters	385024	147456	376 kB
public	word_search_stats	73728	8192	72 kB
public	sense_selection_stats	65536	16384	64 kB
public	languages	57344	8192	56 kB
public	word_senses	49152	0	48 kB
public	sources	49152	8192	48 kB
public	word_search_events	49152	8192	48 kB
public	words	40960	0	40 kB
public	concept_mappings	40960	0	40 kB
public	concepts	40960	0	40 kB
public	concept_relationships	40960	0	40 kB
public	alembic_version	24576	8192	24 kB
public	concept_aliases	24576	0	24 kB
public	generated_names	24576	0	24 kB
public	sense_tags	16384	0	16 kB
public	generation_flavors	16384	0	16 kB
public	name_parts	16384	0	16 kB
public	sense_admin_overrides	16384	0	16 kB
public	semantic_tags	16384	0	16 kB
public	generated_name_concepts	8192	0	8192 bytes
public	generated_name_flavors	8192	0	8192 bytes
public	generated_name_languages	8192	0	8192 bytes
